{"parent":"minecraft:item/generated","textures":{"layer0":"minecraft:item/ghast_tear"},"overrides":[{"model":"polydecorations:block/crimson_shelf_top","predicate":{"custom_model_data":2}},{"model":"polydecorations:item/acacia_shelf","predicate":{"custom_model_data":3}},{"model":"polydecorations:item/crimson_bench","predicate":{"custom_model_data":4}},{"model":"polydecorations:item/oak_table","predicate":{"custom_model_data":5}},{"model":"polydecorations:item/bamboo_mailbox","predicate":{"custom_model_data":6}},{"model":"polydecorations:item/jungle_sign_post","predicate":{"custom_model_data":7}},{"model":"polydecorations:item/mangrove_statue","predicate":{"custom_model_data":8}},{"model":"polydecorations:item/granite_statue","predicate":{"custom_model_data":9}},{"model":"polydecorations:item/cyan_terracotta_statue","predicate":{"custom_model_data":10}}]}