{"parent":"minecraft:item/generated","textures":{"layer0":"minecraft:item/paper"},"overrides":[{"model":"polydecorations:block/oak_shelf_top","predicate":{"custom_model_data":2}},{"model":"polydecorations:block/crimson_shelf_double","predicate":{"custom_model_data":3}},{"model":"polydecorations:item/bamboo_shelf","predicate":{"custom_model_data":4}},{"model":"polydecorations:item/dark_oak_bench","predicate":{"custom_model_data":5}},{"model":"polydecorations:item/spruce_table","predicate":{"custom_model_data":6}},{"model":"polydecorations:item/birch_mailbox","predicate":{"custom_model_data":7}},{"model":"polydecorations:item/dark_oak_sign_post","predicate":{"custom_model_data":8}},{"model":"polydecorations:item/bamboo_statue","predicate":{"custom_model_data":9}},{"model":"polydecorations:item/tuff_statue","predicate":{"custom_model_data":10}},{"model":"polydecorations:item/purple_terracotta_statue","predicate":{"custom_model_data":11}},{"model":"appledrmod:item/rotten_apple","predicate":{"custom_model_data":12}},{"model":"appledrmod:item/apple_pie","predicate":{"custom_model_data":13}},{"model":"appledrmod:item/iron_key","predicate":{"custom_model_data":14}},{"model":"appledrmod:item/golden_key","predicate":{"custom_model_data":15}},{"model":"appledrmod:item/diamond_key","predicate":{"custom_model_data":16}},{"model":"appledrmod:item/netherite_key","predicate":{"custom_model_data":17}},{"model":"appledrmod:item/applecaxe","predicate":{"custom_model_data":18}},{"model":"appledrmod:item/applecaxe_ii","predicate":{"custom_model_data":19}},{"model":"appledrmod:item/applecaxe_iii","predicate":{"custom_model_data":20}},{"model":"appledrmod:item/applecaxe_iv","predicate":{"custom_model_data":21}},{"model":"appledrmod:item/applecaxe_v","predicate":{"custom_model_data":22}},{"model":"appledrmod:item/applecaxe_vi","predicate":{"custom_model_data":23}},{"model":"appledrmod:item/applecaxe_vii","predicate":{"custom_model_data":24}},{"model":"appledrmod:item/applecaxe_viii","predicate":{"custom_model_data":25}},{"model":"appledrmod:item/applecaxe_ix","predicate":{"custom_model_data":26}},{"model":"appledrmod:item/applecaxe_x","predicate":{"custom_model_data":27}},{"model":"appledrmod:item/ai_chip","predicate":{"custom_model_data":28}}]}