{"parent":"minecraft:item/generated","textures":{"layer0":"minecraft:item/paper"},"overrides":[{"model":"appledrmod:item/rotten_apple","predicate":{"custom_model_data":2}},{"model":"appledrmod:item/apple_pie","predicate":{"custom_model_data":3}},{"model":"appledrmod:item/iron_key","predicate":{"custom_model_data":4}},{"model":"appledrmod:item/golden_key","predicate":{"custom_model_data":5}},{"model":"appledrmod:item/diamond_key","predicate":{"custom_model_data":6}},{"model":"appledrmod:item/netherite_key","predicate":{"custom_model_data":7}},{"model":"appledrmod:item/applecaxe","predicate":{"custom_model_data":8}},{"model":"appledrmod:item/applecaxe_ii","predicate":{"custom_model_data":9}},{"model":"appledrmod:item/applecaxe_iii","predicate":{"custom_model_data":10}},{"model":"appledrmod:item/applecaxe_iv","predicate":{"custom_model_data":11}},{"model":"appledrmod:item/applecaxe_v","predicate":{"custom_model_data":12}},{"model":"appledrmod:item/applecaxe_vi","predicate":{"custom_model_data":13}},{"model":"appledrmod:item/applecaxe_vii","predicate":{"custom_model_data":14}},{"model":"appledrmod:item/applecaxe_viii","predicate":{"custom_model_data":15}},{"model":"appledrmod:item/applecaxe_ix","predicate":{"custom_model_data":16}},{"model":"appledrmod:item/applecaxe_x","predicate":{"custom_model_data":17}},{"model":"appledrmod:item/ai_chip","predicate":{"custom_model_data":18}},{"model":"appledrmod:item/music_disc_skibidi","predicate":{"custom_model_data":19}},{"model":"appledrmod:item/music_disc_the_video","predicate":{"custom_model_data":20}}]}