{
	"parent": "minecraft:block/block",
	"textures": {
		"particle": "appledrmod:block/apple_pie_bottom",
		"bottom": "appledrmod:block/apple_pie_bottom",
		"side": "appledrmod:block/apple_pie_side",
		"top": "appledrmod:block/apple_pie_top"
	},
	"elements": [
		{
			"from": [-0.002, -0.002, -0.002],
			"to": [16.002, 4.002, 16.002],
			"faces": {
				"north": {"uv": [0, 12, 16, 16], "texture": "#side"},
				"east": {"uv": [0, 12, 16, 16], "texture": "#side"},
				"south": {"uv": [0, 12, 16, 16], "texture": "#side"},
				"west": {"uv": [0, 12, 16, 16], "texture": "#side"},
				"up": {"uv": [0, 0, 16, 16], "texture": "#top"},
				"down": {"uv": [0, 0, 16, 16], "texture": "#bottom"}
			}
		}
	]
}